Workbook

Sheet 요약
A1: 디지털 트윈 포트폴리오 1단계 일정 요약
A2: 목표: 컨베이어 1대로 디지털 트윈 파이프라인 전체를 한 바퀴 완주한다 (하루 6~8시간 집중 기준 15 작업일)
A3: 항목 | B3: 값 | C3: 비고
A4: 시작일 | B4: 46315 | C4: 입력
A5: 예상 종료일 | B5: =MAX(일정!G5:G14) -> 46335 | C5: 주말 제외 계산
A6: 총 작업일 | B6: =SUM(일정!E5:E14) -> 15
A7: 핵심 마일스톤 예정일 (9일 차) | B7: =WORKDAY(B4,8) -> 46325 | C7: 장애 버튼 → 트윈 반응 동작 시점
A8: 전체 진행률 (작업일 가중) | B8: =IFERROR(SUMPRODUCT(일정!E5:E14,일정!J5:J14)/SUM(일정!E5:E14),0) -> 0
A9: 마일스톤까지 진행률 | B9: =IFERROR(SUMPRODUCT((일정!D5:D14<=9)*일정!E5:E14*일정!J5:J14)/SUMIF(일정!D5:D14,"<=9",일정!E5:E14),0) -> 0 | C9: 1~9일 차 작업 기준
A10: 완료 작업 수 | B10: =COUNTIF(일정!K5:K14,"완료")&" / "&COUNTA(일정!H5:H14) -> 0 / 10
A11: 완성 기준 충족 | B11: =COUNTIF(완성기준!D5:D12,"예")&" / "&COUNTA(완성기준!B5:B12) -> 0 / 8
A13: 사용법
A14: • 노란색 칸이 입력 칸입니다: 요약 시트의 시작일, 일정 시트의 진행률, 완성기준 시트의 완료 여부.
A15: • 예시: 일정 시트에서 진행률에 50%를 입력하면 상태가 자동으로 '진행중'으로, 100%면 '완료'로 바뀝니다.
A16: • 파란 글씨는 직접 입력한 값, 검은 글씨는 수식, 초록 글씨는 다른 시트를 참조하는 수식입니다.
A17: • 일정 가정: 하루 6~8시간 집중 기준. 하루 투입이 절반 정도라면 일정 시트의 시작·종료 일차를 2배로 늘려 보세요.

Sheet 일정
A1: 1단계 3주 일정
A2: 진행률(노란 칸)만 입력하세요. 날짜와 상태는 자동 계산됩니다. ★ = 핵심 마일스톤
A4: No | B4: 주차 | C4: 시작 일차 | D4: 종료 일차 | E4: 소요일 | F4: 시작일 | G4: 종료일 | H4: 작업 | I4: 산출물 | J4: 진행률 | K4: 상태 | L4: 마일스톤 | M4: 메모
A5: 1 | B5: =INT((C5-1)/5)+1&"주 차" -> 1주 차 | C5: 1 | D5: 1 | E5: =D5-C5+1 -> 1 | F5: =WORKDAY(요약!$B$4,C5-1) -> 46315 | G5: =WORKDAY(요약!$B$4,D5-1) -> 46315 | H5: 저장소 구성(DummyServer / Twin / Shared), 토픽과 페이로드 규약 정의 | I5: Shared 라이브러리 초안 | J5: 0 | K5: =IF(J5>=1,"완료",IF(J5>0,"진행중","대기")) -> 대기
A6: 2 | B6: =INT((C6-1)/5)+1&"주 차" -> 1주 차 | C6: 2 | D6: 3 | E6: =D6-C6+1 -> 2 | F6: =WORKDAY(요약!$B$4,C6-1) -> 46316 | G6: =WORKDAY(요약!$B$4,D6-1) -> 46317 | H6: mk STEP 다운로드, FreeCAD 변환, Unity 임포트와 계층 정리 | I6: 씬에 배치된 컨베이어 | J6: 0 | K6: =IF(J6>=1,"완료",IF(J6>0,"진행중","대기")) -> 대기 | M6: 2일 초과 시 현재 결과물로 진행 (타임박스)
A7: 3 | B7: =INT((C7-1)/5)+1&"주 차" -> 1주 차 | C7: 4 | D7: 5 | E7: =D7-C7+1 -> 2 | F7: =WORKDAY(요약!$B$4,C7-1) -> 46318 | G7: =WORKDAY(요약!$B$4,D7-1) -> 46321 | H7: WPF 서버 기본 골격, 브로커 내장, 정상 데이터 발행, 로그 UI | I7: 데이터를 쏘는 서버 | J7: 0 | K7: =IF(J7>=1,"완료",IF(J7>0,"진행중","대기")) -> 대기
A8: 4 | B8: =INT((C8-1)/5)+1&"주 차" -> 2주 차 | C8: 6 | D8: 7 | E8: =D8-C8+1 -> 2 | F8: =WORKDAY(요약!$B$4,C8-1) -> 46322 | G8: =WORKDAY(요약!$B$4,D8-1) -> 46323 | H8: 트윈 MQTT 수신, 벨트 구동, 물건 생성과 이동 | I8: 정상 상태로 돌아가는 트윈 | J8: 0 | K8: =IF(J8>=1,"완료",IF(J8>0,"진행중","대기")) -> 대기
A9: 5 | B9: =INT((C9-1)/5)+1&"주 차" -> 2주 차 | C9: 8 | D9: 9 | E9: =D9-C9+1 -> 2 | F9: =WORKDAY(요약!$B$4,C9-1) -> 46324 | G9: =WORKDAY(요약!$B$4,D9-1) -> 46325 | H9: 장애 버튼 구현과 트윈 쪽 대응 로직, 잼 판단 | I9: 장애 시나리오 전체 동작 | J9: 0 | K9: =IF(J9>=1,"완료",IF(J9>0,"진행중","대기")) -> 대기 | L9: ★ | M9: 여기까지 되면 핵심 증거 확보
A10: 6 | B10: =INT((C10-1)/5)+1&"주 차" -> 2주 차 | C10: 10 | D10: 10 | E10: =D10-C10+1 -> 1 | F10: =WORKDAY(요약!$B$4,C10-1) -> 46328 | G10: =WORKDAY(요약!$B$4,D10-1) -> 46328 | H10: 상태별 셰이더 하이라이트, 알람 표시 | I10: 장애가 눈에 보이는 트윈 | J10: 0 | K10: =IF(J10>=1,"완료",IF(J10>0,"진행중","대기")) -> 대기
A11: 7 | B11: =INT((C11-1)/5)+1&"주 차" -> 3주 차 | C11: 11 | D11: 12 | E11: =D11-C11+1 -> 2 | F11: =WORKDAY(요약!$B$4,C11-1) -> 46329 | G11: =WORKDAY(요약!$B$4,D11-1) -> 46330 | H11: HMI 대시보드, 연결 상태 표시, 서버 자동 실행 | I11: 완성된 사용자 화면 | J11: 0 | K11: =IF(J11>=1,"완료",IF(J11>0,"진행중","대기")) -> 대기
A12: 8 | B12: =INT((C12-1)/5)+1&"주 차" -> 3주 차 | C12: 13 | D12: 13 | E12: =D12-C12+1 -> 1 | F12: =WORKDAY(요약!$B$4,C12-1) -> 46331 | G12: =WORKDAY(요약!$B$4,D12-1) -> 46331 | H12: 단일 exe 배포, 다른 PC에서 클린 실행 테스트 | I12: 배포 가능한 빌드 | J12: 0 | K12: =IF(J12>=1,"완료",IF(J12>0,"진행중","대기")) -> 대기
A13: 9 | B13: =INT((C13-1)/5)+1&"주 차" -> 3주 차 | C13: 14 | D13: 14 | E13: =D13-C13+1 -> 1 | F13: =WORKDAY(요약!$B$4,C13-1) -> 46332 | G13: =WORKDAY(요약!$B$4,D13-1) -> 46332 | H13: README, 아키텍처 구조도 작성 | I13: 정리된 저장소 | J13: 0 | K13: =IF(J13>=1,"완료",IF(J13>0,"진행중","대기")) -> 대기
A14: 10 | B14: =INT((C14-1)/5)+1&"주 차" -> 3주 차 | C14: 15 | D14: 15 | E14: =D14-C14+1 -> 1 | F14: =WORKDAY(요약!$B$4,C14-1) -> 46335 | G14: =WORKDAY(요약!$B$4,D14-1) -> 46335 | H14: 시연 대본 작성, 영상 촬영과 편집 | I14: 시연 영상 | J14: 0 | K14: =IF(J14>=1,"완료",IF(J14>0,"진행중","대기")) -> 대기 | M14: 정상 → 장애 버튼 → 반응 → 복구 흐름

Sheet 완성기준
A1: 1단계 완성 기준
A2: 모든 항목이 '예'가 되면 1단계 완성입니다. 완료 여부(노란 칸)에서 선택하세요.
A4: No | B4: 영역 | C4: 완성 기준 | D4: 완료 여부 | E4: 관련 일차
A5: 1 | B5: CAD 임포트 | C5: mk 벨트 컨베이어 STEP을 FreeCAD → glTF → Unity로 가져오고, 프레임·벨트·모터·센서 위치로 계층 정리 | D5: 아니오 | E5: 2~3일 차
A6: 2 | B6: 더미 서버 | C6: WPF 앱에 MQTT 브로커 내장, 속도·모터 온도·가동 상태·무게·입출구 센서 신호 발행, 실시간 송신 로그 표시 | D6: 아니오 | E6: 4~5일 차
A7: 3 | B7: 장애 버튼 | C7: 연결 끊김, 전송 지연, 순서 뒤섞기, 이상값 송신, 물건 걸림(출구 센서 미감지), 모터 정지 | D7: 아니오 | E7: 8~9일 차
A8: 4 | B8: 트윈 동작 | C8: 수신 속도에 맞춰 벨트와 물건 이동, 입구 센서 신호로 물건 생성, 잼 판단, 상태별 셰이더 하이라이트 | D8: 아니오 | E8: 6~10일 차
A9: 5 | B9: 장애 대응 | C9: Last Will로 끊김 감지, 재연결 시 Retained로 상태 복원, 시퀀스 번호로 순서 정렬, 이상값 필터링 | D9: 아니오 | E9: 8~9일 차
A10: 6 | B10: HMI | C10: 속도·온도 게이지, 통과 수량, 연결 상태 표시, 알람 목록 | D10: 아니오 | E10: 11~12일 차
A11: 7 | B11: 배포 | C11: Windows 빌드, 트윈이 서버 미실행 감지 시 자동 실행, 서버는 단일 exe로 동봉 | D11: 아니오 | E11: 12~13일 차
A12: 8 | B12: 결과물 | C12: 2~3분 시연 영상, 빌드 zip, 저장소(README에 구조도, 페이로드 규약, 장애 시나리오, CAD 출처와 라이선스 안내) | D12: 아니오 | E12: 14~15일 차

Sheet 범위와 리스크
A1: 의도적으로 제외한 범위 (2단계 이후)
A3: No | B3: 제외 항목 | C3: 이유
A4: 1 | B4: 컨베이어 2대 이상 | C4: 1대로 파이프라인 완주가 우선
A5: 2 | B5: 실제 물건 모델 | C5: 단순 박스로 대체
A6: 3 | B6: 카메라 비전, 바코드 분류 | C6: 영상 처리와 데이터 매칭 부담, 2단계 후보
A7: 4 | B7: 데이터 이력 저장 | C7: 실시간 연동 증명에 집중
A8: 5 | B8: 웹 빌드 | C8: 일반 TCP 소켓 사용 불가, WebSocket 경유 필요
A9: 6 | B9: OPC UA | C9: 학습 부담이 큼, 2단계 로봇 셀에서 확장
A12: 일정 리스크와 대응
A14: No | B14: 리스크·포인트 | C14: 대응
A15: 1 | B15: 핵심 마일스톤 (9일 차) | C15: 장애 버튼 → 트윈 반응이 동작하면 핵심 증거 확보. HMI·시각 효과는 품질 요소이므로 밀려도 무방
A16: 2 | B16: CAD 변환 (2~3일 차) | C16: 가장 큰 불확실성. 2일을 넘기면 현재 결과물로 진행하고 다듬기는 뒤로 미룸
A17: 3 | B17: 영상 촬영 (15일 차) | C17: 대본을 미리 정해두면 하루에 끝남. 정상 가동 → 장애 버튼 → 트윈 반응 → 복구를 장애 유형별로 시연
